{"acc:": 0.27790001034736633, "loss": 1.9526550769805908}