{"train": {"acc:": 0.49348774552345276, "loss": 1.3842580318450928}, "test": {"acc:": 0.5059999823570251, "loss": 1.3542207479476929}, "validation": {"acc:": 0.5026000142097473, "loss": 1.3643760681152344}}