{"validation": {"acc:": 0.2587999999523163, "loss": 1.9646859169006348}, "test": {"acc:": 0.27790001034736633, "loss": 1.952650547027588}}